[{"id":1,"nombre":"Celesta","email":"ctrelevan0@google.de","genero":"Female"},
{"id":2,"nombre":"Mattias","email":"mvint1@yellowpages.com","genero":"Male"},
{"id":3,"nombre":"Aharon","email":"aromain2@paginegialle.it","genero":"Male"},
{"id":4,"nombre":"Neal","email":"nloughead3@earthlink.net","genero":"Male"},
{"id":5,"nombre":"Rory","email":"rbinham4@clickbank.net","genero":"Female"},
{"id":6,"nombre":"Nobe","email":"nclewer5@goo.gl","genero":"Male"},
{"id":7,"nombre":"Janene","email":"jlansly6@msn.com","genero":"Female"},
{"id":8,"nombre":"Rutledge","email":"rscrowston7@engadget.com","genero":"Male"},
{"id":9,"nombre":"Kippy","email":"knajera8@ebay.com","genero":"Male"},
{"id":10,"nombre":"Stefa","email":"sgardiner9@ox.ac.uk","genero":"Female"},
{"id":11,"nombre":"Hermine","email":"hfrickea@dmoz.org","genero":"Female"},
{"id":12,"nombre":"Cherise","email":"celwelb@cocolog-nifty.com","genero":"Female"},
{"id":13,"nombre":"Letty","email":"ldawberc@home.pl","genero":"Female"},
{"id":14,"nombre":"Warren","email":"wizaksond@opensource.org","genero":"Male"},
{"id":15,"nombre":"Jerrie","email":"jdymente@issuu.com","genero":"Female"},
{"id":16,"nombre":"Georgie","email":"goverpoolf@google.nl","genero":"Female"},
{"id":17,"nombre":"Gwendolin","email":"gohederscollg@walmart.com","genero":"Female"},
{"id":18,"nombre":"Marysa","email":"mstoakh@google.com","genero":"Female"},
{"id":19,"nombre":"Kate","email":"kbalinei@umich.edu","genero":"Female"},
{"id":20,"nombre":"Roman","email":"rwimpressj@newyorker.com","genero":"Male"}]